{
  "timestamp": "2025-06-21T15:13:28.338926",
  "model": "claude-3-5-sonnet-20241022",
  "input": {
    "canvas_image_path": "output/canvas_step_0.png",
    "user_question": "What would you like to draw next?",
    "canvas_image_exists": true,
    "canvas_image_size": 32011
  },
  "raw_response": {
    "content": "I'll create a whimsical sunset scene with gradient colors using the rainbow brush to add life to this blank canvas.\n\n{\n  \"brush\": \"rainbow\",\n  \"strokes\": [\n    {\n      \"x\": [50, 425, 800],\n      \"y\": [400, 100, 400],\n      \"t\": [4, 4],\n      \"description\": \"Rainbow arc\"\n    },\n    {\n      \"x\": [0, 200, 425, 650, 850],\n      \"y\": [500, 450, 400, 450, 500],\n      \"t\": [3, 3, 3, 3],\n      \"description\": \"Ground curve\"\n    }\n  ],\n  \"reasoning\": \"Created smooth rainbow arc (high t-values: 4) for dreamy sunset effect, positioned centrally with ground curve below for perspective and balance\"\n}",
    "length": 593
  },
  "parsing": {
    "success": true,
    "error_info": null
  },
  "parsed_instruction": {
    "brush": "rainbow",
    "color": "#000000",
    "strokes": [
      {
        "x": [
          50,
          143.75,
          237.5,
          331.25,
          425,
          518.75,
          612.5,
          706.25,
          800
        ],
        "y": [
          400,
          325.0,
          250.0,
          175.0,
          100,
          175.0,
          250.0,
          325.0,
          400
        ],
        "original_x": [
          50,
          425,
          800
        ],
        "original_y": [
          400,
          100,
          400
        ],
        "timing": [
          4,
          4
        ],
        "description": "Rainbow arc"
      },
      {
        "x": [
          0,
          66.66666666666666,
          133.33333333333331,
          200,
          275.0,
          350.0,
          425,
          500.0,
          575.0,
          650,
          716.6666666666666,
          783.3333333333333,
          850
        ],
        "y": [
          500,
          483.3333333333333,
          466.6666666666667,
          450,
          433.3333333333333,
          416.6666666666667,
          400,
          416.6666666666667,
          433.3333333333333,
          450,
          466.6666666666667,
          483.3333333333333,
          500
        ],
        "original_x": [
          0,
          200,
          425,
          650,
          850
        ],
        "original_y": [
          500,
          450,
          400,
          450,
          500
        ],
        "timing": [
          3,
          3,
          3,
          3
        ],
        "description": "Ground curve"
      }
    ],
    "reasoning": "Created smooth rainbow arc (high t-values: 4) for dreamy sunset effect, positioned centrally with gr",
    "num_strokes": 2
  }
}